Model,Accuracy,Precision,Recall,F1_Score,ROC_AUC,Training_Time_s,Prediction_Time_s,TP,FP,TN,FN
Logistic Regression,0.8693335392694417,0.8438346587433365,0.8580822891673332,0.850898836799436,0.9277109185283985,1.171360969543457,0.017801284790039062,9656,1787,12858,1597
Decision Tree,0.9466368059309599,0.9424473330345137,0.9342397582866792,0.938325598000714,0.9875359059821445,0.5359923839569092,0.00448155403137207,10513,642,14003,740
Newton's Method,0.8693721522897521,0.8439084076210452,0.8580822891673332,0.850936329588015,0.9276973081067841,0.5530006885528564,0.0048449039459228516,9656,1786,12859,1597
Random Forest,0.955942543825778,0.9544310623764156,0.9436594685861548,0.9490147012824522,0.992505633412972,3.4121296405792236,0.10535168647766113,10619,507,14138,634
SVM,0.9521584678353541,0.9491388589881593,0.9402825913089843,0.9446899691978037,0.9882050981920923,1968.9194610118866,30.479264497756958,10581,567,14078,672
