Model,Accuracy,Precision,Recall,F1_Score,ROC_AUC,Training_Time_s,Prediction_Time_s,TP,FP,TN,FN,Data_Type
Logistic Regression,0.8693335392694417,0.8438346587433365,0.8580822891673332,0.850898836799436,0.9277109185283985,1.224471092224121,0.017606735229492188,9656,1787,12858,1597,Scaled
Decision Tree,0.9466368059309599,0.9424473330345137,0.9342397582866792,0.938325598000714,0.9875359059821445,0.5339140892028809,0.0043811798095703125,10513,642,14003,740,Non-scaled
Newton's Method,0.8693721522897521,0.8439084076210452,0.8580822891673332,0.850936329588015,0.9276973081067841,0.45943212509155273,0.003558635711669922,9656,1786,12859,1597,Scaled
Random Forest,0.955942543825778,0.9544310623764156,0.9436594685861548,0.9490147012824522,0.992505633412972,3.148094654083252,0.08640170097351074,10619,507,14138,634,Non-scaled
KNN,0.9285659124256699,0.9405040757050501,0.8920287923220475,0.9156252850497126,0.9712353417564429,0.025823116302490234,4.125152111053467,10038,635,14010,1215,Scaled
Gaussian NB,0.8582129894200324,0.8495159059474412,0.8187150093308451,0.8338311159380939,0.920904846071623,0.061516761779785156,0.0078067779541015625,9213,1632,13013,2040,Scaled
