Model,Accuracy,Precision,Recall,F1_Score,ROC_AUC,Training_Time_s,Prediction_Time_s,TP,FP,TN,FN,Data_Type
Logistic Regression,0.8693335392694417,0.8438346587433365,0.8580822891673332,0.850898836799436,0.9277109185283985,1.2049190998077393,0.009832620620727539,9656,1787,12858,1597,Scaled
Decision Tree,0.9466368059309599,0.9424473330345137,0.9342397582866792,0.938325598000714,0.9875359059821445,0.45852184295654297,0.003868579864501953,10513,642,14003,740,Non-scaled
Newton's Method,0.8693721522897521,0.8439084076210452,0.8580822891673332,0.850936329588015,0.9276973081067841,0.4258096218109131,0.016398191452026367,9656,1786,12859,1597,Scaled
Random Forest,0.955942543825778,0.9544310623764156,0.9436594685861548,0.9490147012824522,0.992505633412972,2.977339506149292,0.08146286010742188,10619,507,14138,634,Non-scaled
KNN,0.9285659124256699,0.9405040757050501,0.8920287923220475,0.9156252850497126,0.9712353417564429,0.09183931350708008,3.358182907104492,10038,635,14010,1215,Scaled
Gaussian NB,0.8582129894200324,0.8495159059474412,0.8187150093308451,0.8338311159380939,0.920904846071623,0.1248631477355957,0.008075714111328125,9213,1632,13013,2040,Scaled
Neural Network,0.9606533323036528,0.9719608928242022,0.9364613880742912,0.9538809685449197,0.9941685077598668,19.497741222381592,0.020122289657592773,10538,304,14341,715,Scaled
Bayesian Network,0.8582129894200324,0.8495159059474412,0.8187150093308451,0.8338311159380939,0.920904846071623,0.0855875015258789,0.01752781867980957,9213,1632,13013,2040,Scaled
