Model,Accuracy,Precision,Recall,F1 Score,ROC-AUC,Pred Time (ms)
Logistic Regression,0.8693335392694417,0.8438346587433365,0.8580822891673332,0.850898836799436,0.9277109185283985,3.446817398071289
Decision Tree,0.9466368059309599,0.9424473330345137,0.9342397582866792,0.938325598000714,0.9875359059821445,5.186796188354492
Newton's Method,0.8693721522897521,0.8439084076210452,0.8580822891673332,0.850936329588015,0.9276973081067841,13.809680938720703
Random Forest,0.955942543825778,0.9544310623764156,0.9436594685861548,0.9490147012824522,0.992505633412972,131.60276412963867
SVM,0.9521584678353541,0.9491388589881593,0.9402825913089843,0.9446899691978037,0.9882050981920923,25114.264488220215
KNN,0.9285659124256699,0.9405040757050501,0.8920287923220475,0.9156252850497126,0.9712353417564429,4210.90841293335
Gaussian NB,0.8582129894200324,0.8495159059474412,0.8187150093308451,0.8338311159380939,0.920904846071623,9.104013442993164
Neural Network,0.9606533323036528,0.9719608928242022,0.9364613880742912,0.9538809685449197,0.9941685077598668,19.562721252441406
